,Name,Size,Brand,Sale_Price,Condition,Link
0,LULULEMON ACRO CROP HEATHERED BLACK,6,LULULEMON ATHLETICA,70,N/A,https://poshmark.com/LISTING/LULULEMON-ACRO-CROPHEATHERED-BLACK-60A6D68618013672EA6B57C6
1,LULULEMON STOP AT NOTHING AQUAMARINE CROP LEGGINGS,8,LULULEMON ATHLETICA,35,N/A,https://poshmark.com/LISTING/LULULEMON-STOP-AT-NOTHING-AQUAMARINE-CROP-LEGGINGS-6118859681A36CC3225B10FB
2,LULULEMON CAPRI WIDE LEG LEGGINGS,6,LULULEMON ATHLETICA,25,N/A,https://poshmark.com/LISTING/LULULEMON-CAPRI-WIDE-LEG-LEGGINGS-615A16D909D760BBC9E8178D
3,üçãLULULEMON ASTRO PANT (REGULAR) *FULL-ON LUON,8,LULULEMON ATHLETICA,55,N/A,https://poshmark.com/LISTING/LULULEMON-ASTRO-PANT-REGULAR-FULLON-LUON-616AC435C936AFAA7FD98117
4,LULULEMON ALIGN LEGGING,8,LULULEMON ATHLETICA,95,N/A,https://poshmark.com/LISTING/LULULEMON-ALIGN-LEGGING-610C6DC093649F7C78052738
5,LULULEMON ACRO CROPS SILICONE LOGO PEACOCK FEATHER,4,LULULEMON ATHLETICA,100,N/A,https://poshmark.com/LISTING/LULULEMON-ACRO-CROPS-SILICONE-LOGO-PEACOCK-FEATHER-6164DA98545A799CC7CF5036
6,LULULEMON SPEED TIGHT III - WATERCOLOR LEGGINGS,4,LULULEMON ATHLETICA,89,N/A,https://poshmark.com/LISTING/LULULEMON-SPEED-TIGHT-III-WATERCOLOR-LEGGINGS-6170DC69FADBA477F5693BFF
7,LULULEMON WUNDER UNDER HI-RISE TIGHT * 28,2,LULULEMON ATHLETICA,70,N/A,https://poshmark.com/LISTING/LULULEMON-WUNDER-UNDER-HIRISE-TIGHT-28-60883332C693BDFDBD84ADC6
8,LULULEMON YOGA PANTS 6,6,LULULEMON ATHLETICA,36,N/A,https://poshmark.com/LISTING/LULULEMON-YOGA-PANTS-6-5FF52F0C463D4F31216506A4
9,LULULEMON SPEED UP MR TIGHT 28‚Äù LW5BUVS METROPOLIS GLOW MULTI WOMENS SIZE 6,6,LULULEMON ATHLETICA,70,N/A,https://poshmark.com/LISTING/LULULEMON-SPEED-UP-MR-TIGHT-28-LW5BUVS-METROPOLIS-GLOW-MULTI-WOMENS-SIZE-6-614F331AD1BB42EC2E8D4CD8
10,LULULEMON | GRAY CEREMONY JOGGER SWEATPANTS,4,LULULEMON ATHLETICA,45,N/A,https://poshmark.com/LISTING/LULULEMON-GRAY-CEREMONY-JOGGER-SWEATPANTS-613BC97EBCDB2F27FE2D894A
11,LULULEMON SIZE 8 HEATHER BLACK BELT IT OUT CROP PANTS,8,LULULEMON ATHLETICA,34,N/A,https://poshmark.com/LISTING/LULULEMON-SIZE-8-HEATHER-BLACK-BELT-IT-OUT-CROP-PANTS-6152B0EEB9190EC4D2A05F72
12,"LULULEMON FAST & FREE CROP (19"")",2,LULULEMON ATHLETICA,65,N/A,https://poshmark.com/LISTING/LULULEMON-FAST-FREE-CROP-19-60F3257E7F80D23341C18700
13,LULULEMON WUNDER UNDER CROP *REVERSIBLE,4,LULULEMON ATHLETICA,45,N/A,https://poshmark.com/LISTING/LULULEMON-WUNDER-UNDER-CROP-REVERSIBLE-6067855C800F64DF9B0938A6
14,"LULULEMON ALIGN‚Ñ¢ PANT 25"" CLARET",N/A,LULULEMON ATHLETICA,86,NWT,https://poshmark.com/LISTING/LULULEMON-ALIGN-PANT-25-CLARET-615832A313F1B6E78C84C5F1
15,LULULEMON HEAT THE STREET'S BORDEAUX DRAMA,4,LULULEMON ATHLETICA,55,N/A,https://poshmark.com/LISTING/LULULEMON-HEAT-THE-STREETS-BORDEAUX-DRAMA-6123F5ACCE1E871F7619C0AD
16,"LULULEMON SEEK THE HEAT CROP BLACK, SIZE 4",4,LULULEMON ATHLETICA,98,N/A,https://poshmark.com/LISTING/LULULEMON-SEEK-THE-HEAT-CROP-BLACK-SIZE-4-60C3D94060FDEDD3A962E307
17,LULULEMON CARRY AND GO PANT II HEATHERED BLACK,4,LULULEMON ATHLETICA,64,N/A,https://poshmark.com/LISTING/LULULEMON-CARRY-AND-GO-PANT-II-HEATHERED-BLACK-616B52CC8AE37CAC27E81859
18,LULULEMON SPEED TIGHT IV *RULU,4,LULULEMON ATHLETICA,60,N/A,https://poshmark.com/LISTING/LULULEMON-SPEED-TIGHT-IV-RULU-60D7704109D7608A26D5CD05
19,LULULEMON NEXT MOVE CROP,8,LULULEMON ATHLETICA,68,N/A,https://poshmark.com/LISTING/LULULEMON-NEXT-MOVE-CROP-60E082E8CB23AA75C91442A4
20,LULULEMON WATER BOUND CROP BLACK PEACH 8,8,LULULEMON ATHLETICA,39,N/A,https://poshmark.com/LISTING/LULULEMON-WATER-BOUND-CROP-BLACK-PEACH-8-617472C88E86608A3A253F8F
21,LULULEMON WUNDER UNDER CROP - BLACK,4,LULULEMON ATHLETICA,45,N/A,https://poshmark.com/LISTING/LULULEMON-WUNDER-UNDER-CROP-BLACK-606783B67F80D2FBC342F780
22,LULULEMON GROOVE FLARE LEGGINGS IN ASTRO BLUE & WHITE CHEVRON,6,LULULEMON ATHLETICA,38,N/A,https://poshmark.com/LISTING/LULULEMON-GROOVE-FLARE-LEGGINGS-IN-ASTRO-BLUE-WHITE-CHEVRON-616DE1FDD737FD011B7DA133
23,RARE LULULEMON PACE RIVAL CROP POP CUT BOOM JUICE,4,LULULEMON ATHLETICA,62,N/A,https://poshmark.com/LISTING/RARE-LULULEMON-PACE-RIVAL-CROP-POP-CUT-BOOM-JUICE-60EAE022163DF4B29EF037EA
24,LULULEMON WUNDER UNDER CROP LEGGINGS DARK GRAY 10,10,LULULEMON ATHLETICA,62,N/A,https://poshmark.com/LISTING/LULULEMON-WUNDER-UNDER-CROP-LEGGINGS-DARK-GRAY-10-611E6A5AC936AFA55CF5CD5C
25,LULULEMON ON THE FLY PANTS,2,LULULEMON ATHLETICA,75,N/A,https://poshmark.com/LISTING/LULULEMON-ON-THE-FLY-PANTS-61383FC7941F170E70CC1B64
26,"LULULEMON ALIGN‚Ñ¢ HIGH-RISE PANT WITH POCKETS 25""",4,LULULEMON ATHLETICA,128,NWT,https://poshmark.com/LISTING/LULULEMON-ALIGN-HIGHRISE-PANT-WITH-POCKETS-25-6175F249BCBB527724D5A067
27,LULULEMON MEMBERSHIP ALIGN PANT,N/A,LULULEMON ATHLETICA,135,NWT,https://poshmark.com/LISTING/LULULEMON-MEMBERSHIP-ALIGN-PANT-6168E3A46E2846D1482242DE
28,LULULEMON HIGH RISE TRANSCEND CROP,6,LULULEMON ATHLETICA,65,N/A,https://poshmark.com/LISTING/LULULEMON-HIGH-RISE-TRANSCEND-CROP-6138FA82C32EE6D4A1538855
29,LULULEMON RUN: INSPIRE CROP BLACK,4,LULULEMON ATHLETICA,42,N/A,https://poshmark.com/LISTING/LULULEMON-RUN-INSPIRE-CROP-BLACK-616B5107BCBB52A2A84B499D
30,NWT LULULEMON BASE PACE HR 25. SIZE 4. BLACK.,4,LULULEMON ATHLETICA,92,BOUTIQUE,https://poshmark.com/LISTING/NWT-LULULEMON-BASE-PACE-HR-25-SIZE-4-BLACK-616B08973751F594E69B8643
31,LULULEMON PURPLE & HEATHERED BLACK GATHER & CROW SZ 4,4,LULULEMON ATHLETICA,30,N/A,https://poshmark.com/LISTING/LULULEMON-PURPLE-HEATHERED-BLACK-GATHER-CROW-SZ-4-614E5182284E99552D0F963E
32,LULULEMON FLORAL MESH CROP LEGGINGS,8,LULULEMON ATHLETICA,65,N/A,https://poshmark.com/LISTING/LULULEMON-FLORAL-MESH-CROP-LEGGINGS-60D006BFC32EE62524A81E86
33,"LULULEMON ALIGN CROP 23"" DIAMOND DYE LEGGINGS SIZE 10 LARGE WOMENS NEW",10,LULULEMON ATHLETICA,80,NWT,https://poshmark.com/LISTING/LULULEMON-ALIGN-CROP-23-DIAMOND-DYE-LEGGINGS-SIZE-10-LARGE-WOMENS-NEW-6175E6FC7F80D24F49EFB71F
34,LULULEMON STREET TO STUDIO BLACK JOGGER PANTS 4,4,LULULEMON ATHLETICA,65,N/A,https://poshmark.com/LISTING/LULULEMON-STREET-TO-STUDIO-BLACK-JOGGER-PANTS-4-61557ADD81A36CAEEBC52A98
35,LULULEMON HOP TO IT CROP *FULL-ON LUXTREME,4,LULULEMON ATHLETICA,67,N/A,https://poshmark.com/LISTING/LULULEMON-HOP-TO-IT-CROP-FULLON-LUXTREME-6042673D463D4FCCC2F4B17A
36,LULULEMON 'HEAT IT UP CROP' BLEACHED CORAL XS 4,XS,LULULEMON ATHLETICA,35,N/A,https://poshmark.com/LISTING/LULULEMON-HEAT-IT-UP-CROP-BLEACHED-CORAL-XS-4-5C8553D55BBB80B5DB97B916
37,LULULEMON SCRUNCH ANKLE LEGGING,4,LULULEMON ATHLETICA,38,N/A,https://poshmark.com/LISTING/LULULEMON-SCRUNCH-ANKLE-LEGGING-608AF4AF7F80D28871C6E565
38,LULULEMON WUNDER UNDER PARALLEL STRIPE LEGGINGS 8,8,LULULEMON ATHLETICA,108,N/A,https://poshmark.com/LISTING/LULULEMON-WUNDER-UNDER-PARALLEL-STRIPE-LEGGINGS-8-6154F440163DF4106518FBE6
39,"LULULEMON WUNDER UNDER HIGH-RISE CROP 21""",6,LULULEMON ATHLETICA,84,NWT,https://poshmark.com/LISTING/LULULEMON-WUNDER-UNDER-HIGHRISE-CROP-21-6168E52660FDED1726256FEF
40,"LULULEMON ALIGN HIGH RISE LEGGINGS SIZE 8 BLACK 28""",8,LULULEMON ATHLETICA,50,N/A,https://poshmark.com/LISTING/LULULEMON-ALIGN-HIGH-RISE-LEGGINGS-SIZE-8-BLACK-28-61774BF660FDED536915EAFA
41,LULULEMON WUNDER UNDER BLACK CROP LEGGINGS,4,LULULEMON ATHLETICA,20,N/A,https://poshmark.com/LISTING/LULULEMON-WUNDER-UNDER-BLACK-CROP-LEGGINGS-5F29CCD8771B8E5EC7C7088C
42,LULULEMON IN THE FLOW CROP VERY GREEN,12,LULULEMON ATHLETICA,45,N/A,https://poshmark.com/LISTING/LULULEMON-IN-THE-FLOW-CROP-VERY-GREEN-6123EF16D737FD28A617D098
43,LULULEMON SIZE 2 BLOOMING SWEATY ENDEAVOR TIGHT LEGGINGS,2,LULULEMON ATHLETICA,50,N/A,https://poshmark.com/LISTING/LULULEMON-SIZE-2-BLOOMING-SWEATY-ENDEAVOR-TIGHT-LEGGINGS-6152AFE5F9C382030FCA42C0
44,LULULEMON WUNDER UNDER PANT SE DANCE LEGGINGS,8,LULULEMON ATHLETICA,42,N/A,https://poshmark.com/LISTING/LULULEMON-WUNDER-UNDER-PANT-SE-DANCE-LEGGINGS-612D8281920786529D0A4039
45,LULULEMON WUNDER UNDER CROP BLACK QUILTING,6,LULULEMON ATHLETICA,45,N/A,https://poshmark.com/LISTING/LULULEMON-WUNDER-UNDER-CROP-BLACK-QUILTING-606784D7AE766F9D4439F08E
46,LULULEMON UP THE PACE CROP BLACK / SWEET SPOT,4,LULULEMON ATHLETICA,45,N/A,https://poshmark.com/LISTING/LULULEMON-UP-THE-PACE-CROP-BLACK-SWEET-SPOT-5F65034CCB692C75F1A58034
47,LULULEMON GROVE REVERSIBLE BLACK YOGA FLARE PANTS,8,LULULEMON ATHLETICA,29,N/A,https://poshmark.com/LISTING/LULULEMON-GROVE-REVERSIBLE-BLACK-YOGA-FLARE-PANTS-616C8B2E93649FF505A0B19F
48,LULULEMON WUNDER UNDER CROP SALMON STRIPED LEGGING,4,LULULEMON ATHLETICA,14,N/A,https://poshmark.com/LISTING/LULULEMON-WUNDER-UNDER-CROP-SALMON-STRIPED-LEGGING-60C13CF6633CFC26A6EE37D7
49,LULULEMON HIGH RISE TRANSCEND CROP,6,LULULEMON ATHLETICA,65,N/A,https://poshmark.com/LISTING/LULULEMON-HIGH-RISE-TRANSCEND-CROP-6138FA82C32EE6D4A1538855
50,"LULULEMON WUNDER UNDER HI-RISE 17"" INSEAM 1/2 TIGHT FULL-ON LUXTREME IN NAVY",8,LULULEMON ATHLETICA,45,N/A,https://poshmark.com/LISTING/LULULEMON-WUNDER-UNDER-HIRISE-17-INSEAM-12-TIGHT-FULLON-LUXTREME-IN-NAVY-6176BDBA43895FE5B2092188
51,LULULEMON PRESENCE PANT BEACH BLANKET B,6,LULULEMON ATHLETICA,70,N/A,https://poshmark.com/LISTING/LULULEMON-PRESENCE-PANTBEACH-BLANKET-B-60A6C6EA60FDEDC660FCE022
52,LULULEMON BLACK ENERGIZE PANT BLACK SIZE 6,6,LULULEMON ATHLETICA,52,N/A,https://poshmark.com/LISTING/LULULEMON-BLACK-ENERGIZE-PANT-BLACK-SIZE-6-60F9BD8347E0E4AC31DBE576
53,LULULEMON WUNDER UNDER CROP LEGGINGS 4,4,LULULEMON ATHLETICA,45,N/A,https://poshmark.com/LISTING/LULULEMON-WUNDER-UNDER-CROP-LEGGINGS-4-610B15FC284E998683EF608E
54,LULULEMON LEGGINGS,4,LULULEMON ATHLETICA,65,N/A,https://poshmark.com/LISTING/LULULEMON-LEGGINGS-60CA5E3C93649FADA9B6D2CD
55,"LULULEMON SPEED WUNDER TIGHT 28"" SPARK",4,LULULEMON ATHLETICA,96,NWT,https://poshmark.com/LISTING/LULULEMON-SPEED-WUNDER-TIGHT-28-SPARK-615D8FFE7EC30C7F2E241B44
56,LULULEMON INSPIRE TIGHT FLORAL PAINT STORM,4,LULULEMON ATHLETICA,54,N/A,https://poshmark.com/LISTING/LULULEMON-INSPIRE-TIGHT-FLORAL-PAINT-STORM-60065C971801368AD0201583
57,LULULEMON ON THE RIGHT TRACK PANTS NWT,12,LULULEMON ATHLETICA,99,NWT,https://poshmark.com/LISTING/LULULEMON-ON-THE-RIGHT-TRACK-PANTS-NWT-611957286914125F12085230
58,LULULEMON ACRO CROP HEATHERED BLACK,6,LULULEMON ATHLETICA,70,N/A,https://poshmark.com/LISTING/LULULEMON-ACRO-CROPHEATHERED-BLACK-60A6D68618013672EA6B57C6
59,LULULEMON STOP AT NOTHING AQUAMARINE CROP LEGGINGS,8,LULULEMON ATHLETICA,35,N/A,https://poshmark.com/LISTING/LULULEMON-STOP-AT-NOTHING-AQUAMARINE-CROP-LEGGINGS-6118859681A36CC3225B10FB
60,LULULEMON CAPRI WIDE LEG LEGGINGS,6,LULULEMON ATHLETICA,25,N/A,https://poshmark.com/LISTING/LULULEMON-CAPRI-WIDE-LEG-LEGGINGS-615A16D909D760BBC9E8178D
61,üçãLULULEMON ASTRO PANT (REGULAR) *FULL-ON LUON,8,LULULEMON ATHLETICA,55,N/A,https://poshmark.com/LISTING/LULULEMON-ASTRO-PANT-REGULAR-FULLON-LUON-616AC435C936AFAA7FD98117
62,LULULEMON ALIGN LEGGING,8,LULULEMON ATHLETICA,95,N/A,https://poshmark.com/LISTING/LULULEMON-ALIGN-LEGGING-610C6DC093649F7C78052738
63,LULULEMON ACRO CROPS SILICONE LOGO PEACOCK FEATHER,4,LULULEMON ATHLETICA,100,N/A,https://poshmark.com/LISTING/LULULEMON-ACRO-CROPS-SILICONE-LOGO-PEACOCK-FEATHER-6164DA98545A799CC7CF5036
64,LULULEMON SPEED TIGHT III - WATERCOLOR LEGGINGS,4,LULULEMON ATHLETICA,89,N/A,https://poshmark.com/LISTING/LULULEMON-SPEED-TIGHT-III-WATERCOLOR-LEGGINGS-6170DC69FADBA477F5693BFF
65,LULULEMON WUNDER UNDER HI-RISE TIGHT * 28,2,LULULEMON ATHLETICA,70,N/A,https://poshmark.com/LISTING/LULULEMON-WUNDER-UNDER-HIRISE-TIGHT-28-60883332C693BDFDBD84ADC6
66,LULULEMON YOGA PANTS 6,6,LULULEMON ATHLETICA,36,N/A,https://poshmark.com/LISTING/LULULEMON-YOGA-PANTS-6-5FF52F0C463D4F31216506A4
67,LULULEMON SPEED UP MR TIGHT 28‚Äù LW5BUVS METROPOLIS GLOW MULTI WOMENS SIZE 6,6,LULULEMON ATHLETICA,70,N/A,https://poshmark.com/LISTING/LULULEMON-SPEED-UP-MR-TIGHT-28-LW5BUVS-METROPOLIS-GLOW-MULTI-WOMENS-SIZE-6-614F331AD1BB42EC2E8D4CD8
68,LULULEMON | GRAY CEREMONY JOGGER SWEATPANTS,4,LULULEMON ATHLETICA,45,N/A,https://poshmark.com/LISTING/LULULEMON-GRAY-CEREMONY-JOGGER-SWEATPANTS-613BC97EBCDB2F27FE2D894A
69,LULULEMON SIZE 8 HEATHER BLACK BELT IT OUT CROP PANTS,8,LULULEMON ATHLETICA,34,N/A,https://poshmark.com/LISTING/LULULEMON-SIZE-8-HEATHER-BLACK-BELT-IT-OUT-CROP-PANTS-6152B0EEB9190EC4D2A05F72
70,"LULULEMON FAST & FREE CROP (19"")",2,LULULEMON ATHLETICA,65,N/A,https://poshmark.com/LISTING/LULULEMON-FAST-FREE-CROP-19-60F3257E7F80D23341C18700
71,LULULEMON WUNDER UNDER CROP *REVERSIBLE,4,LULULEMON ATHLETICA,45,N/A,https://poshmark.com/LISTING/LULULEMON-WUNDER-UNDER-CROP-REVERSIBLE-6067855C800F64DF9B0938A6
72,"LULULEMON ALIGN‚Ñ¢ PANT 25"" CLARET",N/A,LULULEMON ATHLETICA,86,NWT,https://poshmark.com/LISTING/LULULEMON-ALIGN-PANT-25-CLARET-615832A313F1B6E78C84C5F1
73,LULULEMON HEAT THE STREET'S BORDEAUX DRAMA,4,LULULEMON ATHLETICA,55,N/A,https://poshmark.com/LISTING/LULULEMON-HEAT-THE-STREETS-BORDEAUX-DRAMA-6123F5ACCE1E871F7619C0AD
74,"LULULEMON SEEK THE HEAT CROP BLACK, SIZE 4",4,LULULEMON ATHLETICA,98,N/A,https://poshmark.com/LISTING/LULULEMON-SEEK-THE-HEAT-CROP-BLACK-SIZE-4-60C3D94060FDEDD3A962E307
75,LULULEMON CARRY AND GO PANT II HEATHERED BLACK,4,LULULEMON ATHLETICA,64,N/A,https://poshmark.com/LISTING/LULULEMON-CARRY-AND-GO-PANT-II-HEATHERED-BLACK-616B52CC8AE37CAC27E81859
76,LULULEMON SPEED TIGHT IV *RULU,4,LULULEMON ATHLETICA,60,N/A,https://poshmark.com/LISTING/LULULEMON-SPEED-TIGHT-IV-RULU-60D7704109D7608A26D5CD05
77,LULULEMON NEXT MOVE CROP,8,LULULEMON ATHLETICA,68,N/A,https://poshmark.com/LISTING/LULULEMON-NEXT-MOVE-CROP-60E082E8CB23AA75C91442A4
78,LULULEMON WATER BOUND CROP BLACK PEACH 8,8,LULULEMON ATHLETICA,39,N/A,https://poshmark.com/LISTING/LULULEMON-WATER-BOUND-CROP-BLACK-PEACH-8-617472C88E86608A3A253F8F
79,LULULEMON WUNDER UNDER CROP - BLACK,4,LULULEMON ATHLETICA,45,N/A,https://poshmark.com/LISTING/LULULEMON-WUNDER-UNDER-CROP-BLACK-606783B67F80D2FBC342F780
80,LULULEMON GROOVE FLARE LEGGINGS IN ASTRO BLUE & WHITE CHEVRON,6,LULULEMON ATHLETICA,38,N/A,https://poshmark.com/LISTING/LULULEMON-GROOVE-FLARE-LEGGINGS-IN-ASTRO-BLUE-WHITE-CHEVRON-616DE1FDD737FD011B7DA133
81,RARE LULULEMON PACE RIVAL CROP POP CUT BOOM JUICE,4,LULULEMON ATHLETICA,62,N/A,https://poshmark.com/LISTING/RARE-LULULEMON-PACE-RIVAL-CROP-POP-CUT-BOOM-JUICE-60EAE022163DF4B29EF037EA
82,LULULEMON WUNDER UNDER CROP LEGGINGS DARK GRAY 10,10,LULULEMON ATHLETICA,62,N/A,https://poshmark.com/LISTING/LULULEMON-WUNDER-UNDER-CROP-LEGGINGS-DARK-GRAY-10-611E6A5AC936AFA55CF5CD5C
83,LULULEMON ON THE FLY PANTS,2,LULULEMON ATHLETICA,75,N/A,https://poshmark.com/LISTING/LULULEMON-ON-THE-FLY-PANTS-61383FC7941F170E70CC1B64
84,"LULULEMON ALIGN‚Ñ¢ HIGH-RISE PANT WITH POCKETS 25""",4,LULULEMON ATHLETICA,128,NWT,https://poshmark.com/LISTING/LULULEMON-ALIGN-HIGHRISE-PANT-WITH-POCKETS-25-6175F249BCBB527724D5A067
85,LULULEMON MEMBERSHIP ALIGN PANT,N/A,LULULEMON ATHLETICA,135,NWT,https://poshmark.com/LISTING/LULULEMON-MEMBERSHIP-ALIGN-PANT-6168E3A46E2846D1482242DE
86,LULULEMON RUN: INSPIRE CROP BLACK,4,LULULEMON ATHLETICA,42,N/A,https://poshmark.com/LISTING/LULULEMON-RUN-INSPIRE-CROP-BLACK-616B5107BCBB52A2A84B499D
87,NWT LULULEMON BASE PACE HR 25. SIZE 4. BLACK.,4,LULULEMON ATHLETICA,92,BOUTIQUE,https://poshmark.com/LISTING/NWT-LULULEMON-BASE-PACE-HR-25-SIZE-4-BLACK-616B08973751F594E69B8643
88,LULULEMON PURPLE & HEATHERED BLACK GATHER & CROW SZ 4,4,LULULEMON ATHLETICA,30,N/A,https://poshmark.com/LISTING/LULULEMON-PURPLE-HEATHERED-BLACK-GATHER-CROW-SZ-4-614E5182284E99552D0F963E
89,LULULEMON FLORAL MESH CROP LEGGINGS,8,LULULEMON ATHLETICA,65,N/A,https://poshmark.com/LISTING/LULULEMON-FLORAL-MESH-CROP-LEGGINGS-60D006BFC32EE62524A81E86
90,"LULULEMON ALIGN CROP 23"" DIAMOND DYE LEGGINGS SIZE 10 LARGE WOMENS NEW",10,LULULEMON ATHLETICA,80,NWT,https://poshmark.com/LISTING/LULULEMON-ALIGN-CROP-23-DIAMOND-DYE-LEGGINGS-SIZE-10-LARGE-WOMENS-NEW-6175E6FC7F80D24F49EFB71F
91,LULULEMON STREET TO STUDIO BLACK JOGGER PANTS 4,4,LULULEMON ATHLETICA,65,N/A,https://poshmark.com/LISTING/LULULEMON-STREET-TO-STUDIO-BLACK-JOGGER-PANTS-4-61557ADD81A36CAEEBC52A98
92,LULULEMON HOP TO IT CROP *FULL-ON LUXTREME,4,LULULEMON ATHLETICA,67,N/A,https://poshmark.com/LISTING/LULULEMON-HOP-TO-IT-CROP-FULLON-LUXTREME-6042673D463D4FCCC2F4B17A
93,LULULEMON 'HEAT IT UP CROP' BLEACHED CORAL XS 4,XS,LULULEMON ATHLETICA,35,N/A,https://poshmark.com/LISTING/LULULEMON-HEAT-IT-UP-CROP-BLEACHED-CORAL-XS-4-5C8553D55BBB80B5DB97B916
94,LULULEMON SCRUNCH ANKLE LEGGING,4,LULULEMON ATHLETICA,38,N/A,https://poshmark.com/LISTING/LULULEMON-SCRUNCH-ANKLE-LEGGING-608AF4AF7F80D28871C6E565
95,LULULEMON WUNDER UNDER PARALLEL STRIPE LEGGINGS 8,8,LULULEMON ATHLETICA,108,N/A,https://poshmark.com/LISTING/LULULEMON-WUNDER-UNDER-PARALLEL-STRIPE-LEGGINGS-8-6154F440163DF4106518FBE6
96,LULULEMON BLUE BLACK WUNDER UNDER CROP PANTS,8,LULULEMON ATHLETICA,16,N/A,https://poshmark.com/LISTING/LULULEMON-BLUE-BLACK-WUNDER-UNDER-CROP-PANTS-6177015F3751F593D985EC40
97,LULULEMON WUNDER UNDER CROP BEAUTIFUL BAROQUE,4,LULULEMON ATHLETICA,50,N/A,https://poshmark.com/LISTING/LULULEMON-WUNDER-UNDER-CROPBEAUTIFUL-BAROQUE-60B00708E97E489FB8940A46
98,LULULEMON SKINNY GROVE PANT ‚Äì PURPLE AND LAVENDER,6,LULULEMON ATHLETICA,51,N/A,https://poshmark.com/LISTING/LULULEMON-SKINNY-GROVE-PANT-PURPLE-AND-LAVENDER-6097649D86DCBB49B45A8522
99,LULULEMON JOURNEY MESH ROCKY ROAD SAND DUNE CROP,4,LULULEMON ATHLETICA,50,N/A,https://poshmark.com/LISTING/LULULEMON-JOURNEY-MESH-ROCKY-ROAD-SAND-DUNE-CROP-60E74290800F640DED672F6F
100,"LULULEMON MILES AHEAD TIGHT 28"" BLACK LEGGINGS 2",2,LULULEMON ATHLETICA,80,N/A,https://poshmark.com/LISTING/LULULEMON-MILES-AHEAD-TIGHT-28-BLACK-LEGGINGS-2-60BF8E3D3A0DB946F54BCCA5
101,LULULEMON FULL ON LUXTREME BLACK & WHITE WUNDER UNDER PANTS,4,LULULEMON ATHLETICA,75,N/A,https://poshmark.com/LISTING/LULULEMON-FULL-ON-LUXTREME-BLACK-WHITE-WUNDER-UNDER-PANTS-616B4D02FF8304BBF04CF6DB
102,NWOT LULULEMON HIGH RISE WUNDER UNDER TIGHT,10,LULULEMON ATHLETICA,85,N/A,https://poshmark.com/LISTING/NWOT-LULULEMON-HIGH-RISE-WUNDER-UNDER-TIGHT-61436772BB593723B2C154E1
103,LULULEMON WUNDER UNDER LEGGINGS,6,LULULEMON ATHLETICA,58,N/A,https://poshmark.com/LISTING/LULULEMON-WUNDER-UNDER-LEGGINGS-6107606F691412EDE6CE4CCA
104,LULULEMON HIGH RISE CHARCOAL CROP LEGGINGS-8,8,LULULEMON ATHLETICA,40,N/A,https://poshmark.com/LISTING/LULULEMON-HIGH-RISE-CHARCOAL-CROP-LEGGINGS8-60309758BCDB2F7B541E82A2
105,LULULEMON TOASTY TECH TIGHT II,4,LULULEMON ATHLETICA,63,N/A,https://poshmark.com/LISTING/LULULEMON-TOASTY-TECH-TIGHT-II-61606718941F17CB0DDBAEB5
106,LULULEMON LUXTREME RUN INSPIRE CROP GRAY/PINK -6,6,LULULEMON ATHLETICA,25,N/A,https://poshmark.com/LISTING/LULULEMON-LUXTREME-RUN-INSPIRE-CROP-GRAYPINK-6-602F57F9446E5979B5B4800E
107,"NEW LULULEMON ALIGN HR PANT 28"" DIAMOND DYE OLIVE",N/A,LULULEMON ATHLETICA,110,NWT,https://poshmark.com/LISTING/NEW-LULULEMON-ALIGN-HR-PANT-28-DIAMOND-DYE-OLIVE-6125C1AC275E55E2DDBEACF0
108,LULULEMON ALIGN JOGGER CROP *23‚Äù,4,LULULEMON ATHLETICA,75,N/A,https://poshmark.com/LISTING/LULULEMON-ALIGN-JOGGER-CROP-23-61776C72633CFC2B478B4AF0
109,NWT LULULEMON BASE PACE HR 25. SIZE 4. RED MERLOT,4,LULULEMON ATHLETICA,92,BOUTIQUE,https://poshmark.com/LISTING/NWT-LULULEMON-BASE-PACE-HR-25-SIZE-4-RED-MERLOT-616B05D7D6F3B71A1EBA0035
110,LULULEMON SIZE 4 STRAIGHT LEG LEGGINGS YOGA PANTS,4,LULULEMON ATHLETICA,28,N/A,https://poshmark.com/LISTING/LULULEMON-SIZE-4-STRAIGHT-LEG-LEGGINGS-YOGA-PANTS-6117F0BC1460BB300794B9E4
111,üòçHUGE SAVINGS!,M,LULULEMON ATHLETICA,"10,000",N/A,https://poshmark.com/LISTING/HUGE-SAVINGS-60CD0CB57F80D2CDFBAE1308
112,"NWT LULULEMON INVIGORATE HIGH RISE TIGHT 25""",N/A,LULULEMON ATHLETICA,112,BOUTIQUE,https://poshmark.com/LISTING/NWT-LULULEMON-INVIGORATE-HIGH-RISE-TIGHT-25-60FADCFE2CA9ABEDBEFEEC2E
113,LULULEMON WUNDER UNDER HI-RISE TIGHT,6,LULULEMON ATHLETICA,85,N/A,https://poshmark.com/LISTING/LULULEMON-WUNDER-UNDER-HIRISE-TIGHT-60BFBAB7920786862EC10292
114,LULU LEGGINGSüíã,10,LULULEMON ATHLETICA,60,N/A,https://poshmark.com/LISTING/LULU-LEGGINGS-5FF266EE6E284681F1B8795A
115,LULULEMON SPEED TIGHT RUFFLE LEGGINGS,2,LULULEMON ATHLETICA,97,N/A,https://poshmark.com/LISTING/LULULEMON-SPEED-TIGHT-RUFFLE-LEGGINGS-602D79CC6F6C91FAFDDDC3C4
116,LULULEMON CITY TREK TROUSER OLIVE EUC 8,8,LULULEMON ATHLETICA,75,N/A,https://poshmark.com/LISTING/LULULEMON-CITY-TREK-TROUSER-OLIVE-EUC-8-61364BEB67BD91F426D1C0AF
117,NWT LULULEMON 2021 GROOVE PANT FLARE S HIGH RISE TRUE NAVY BLUE LEGGINGS TIGHTS,N/A,LULULEMON ATHLETICA,198,NWT,https://poshmark.com/LISTING/NWT-LULULEMON-2021-GROOVE-PANT-FLARE-S-HIGH-RISE-TRUE-NAVY-BLUE-LEGGINGS-TIGHTS-61784D6EF065FE7EDA5DE8E9
118,10 / LULULEMON ALIGN JOGGER 28,10,LULULEMON ATHLETICA,65,N/A,https://poshmark.com/LISTING/10-LULULEMON-ALIGN-JOGGER-28-61761A3DE131649C56932717
119,LULULEMON SHIBORI TIGHT,6,LULULEMON ATHLETICA,64,N/A,https://poshmark.com/LISTING/LULULEMON-SHIBORI-TIGHT-616900728BE9138A039B832F
120,"LULULEMON ALIGN CROP 21"" LEGGINGS DIAMOND DYE SIZE 14 LARGE NEW",14,LULULEMON ATHLETICA,90,NWT,https://poshmark.com/LISTING/LULULEMON-ALIGN-CROP-21-LEGGINGS-DIAMOND-DYE-SIZE-14-LARGE-NEW-6175E7CF7EC30CF235F20B3E
121,LULULEMON PINK SEAMLESS MID RISE IN THE FLOW CROP,6,LULULEMON ATHLETICA,30,N/A,https://poshmark.com/LISTING/LULULEMON-PINK-SEAMLESS-MID-RISE-IN-THE-FLOW-CROP-60EECF6AF3FD66B349B7A6FB
122,LULULEMON PRINCIPAL DANCER JUMPSUIT,4,LULULEMON ATHLETICA,90,N/A,https://poshmark.com/LISTING/LULULEMON-PRINCIPAL-DANCER-JUMPSUIT-61647DC75E0BA874E21FED01
123,LULULEMON TRUE SELF CROP SIZE 4,4,LULULEMON ATHLETICA,44,N/A,https://poshmark.com/LISTING/LULULEMON-TRUE-SELF-CROP-SIZE-4-6144BCC2FDCBF6FD6284EDC0
124,"LULULEMON ON PACE CROP *21"" SUN DAZED MULTI PINK",4,LULULEMON ATHLETICA,70,N/A,https://poshmark.com/LISTING/LULULEMON-ON-PACE-CROP-21SUN-DAZED-MULTI-PINK-60FB06AC60FDEDCDD298E6D9
125,"LULULEMON ALIGN‚Ñ¢ PANT 25"" GREEN",N/A,LULULEMON ATHLETICA,86,NWT,https://poshmark.com/LISTING/LULULEMON-ALIGN-PANT-25-GREEN-615833111C528A42F375BC99
126,LULULEMON NAVY BLUE INSPIRE I LEGGINGS SIZE 2,2,LULULEMON ATHLETICA,78,N/A,https://poshmark.com/LISTING/LULULEMON-NAVY-BLUE-INSPIRE-I-LEGGINGS-SIZE-2-6177AF9F946D3774B98F5F80
127,LULULEMON PANTS,6,LULULEMON ATHLETICA,55,N/A,https://poshmark.com/LISTING/LULULEMON-PANTS-6044E21D02BCAF5ED5B663ED
128,LULULEMON HOLD ME CLOSE CROP LEGGINGS DEEP HEATHERED COAL,6,LULULEMON ATHLETICA,45,N/A,https://poshmark.com/LISTING/LULULEMON-HOLD-ME-CLOSE-CROP-LEGGINGS-DEEP-HEATHERED-COAL-617580C8E107BB5494E220E3
129,LULULEMON WUNDER UNDER PANT III LUON LEGGINGS SZ 4,4,LULULEMON ATHLETICA,98,N/A,https://poshmark.com/LISTING/LULULEMON-WUNDER-UNDER-PANT-III-LUON-LEGGINGS-SZ-4-6165A5322841424A354FC683
130,LULULEMON WUNDER UNDER CROP ROLL DOWN,6,LULULEMON ATHLETICA,55,N/A,https://poshmark.com/LISTING/LULULEMON-WUNDER-UNDER-CROP-ROLL-DOWN-6067875A9207864B4A0A8A45
131,LULULEMON LEGGINGS,6,LULULEMON ATHLETICA,65,N/A,https://poshmark.com/LISTING/LULULEMON-LEGGINGS-60F36663D737FDC1F836569E
132,LULULEMON IF YOU'RE LUCKY CROP *FULL-ON LUXTREME 4,4,LULULEMON ATHLETICA,34,N/A,https://poshmark.com/LISTING/LULULEMON-IF-YOURE-LUCKY-CROP-FULLON-LUXTREME-4-617831A58E86607831392180
133,LULULEMON SOLE TRAINING 7/8 TIGHT POSEIDON 4,4,LULULEMON ATHLETICA,69,N/A,https://poshmark.com/LISTING/LULULEMON-SOLE-TRAINING-78-TIGHT-POSEIDON-4-60FC8E5F163DF4AF7A4F13B1
134,LULULEMON WANDERER CULOTTE,10,LULULEMON ATHLETICA,74,NWT,https://poshmark.com/LISTING/LULULEMON-WANDERER-CULOTTE-6161E61E275E5541B45C918E
135,LULULEMON STUDIO JOGGER,4,LULULEMON ATHLETICA,63,N/A,https://poshmark.com/LISTING/LULULEMON-STUDIO-JOGGER-616D7BD99EB49DC6D28F6949
136,LULULEMON FIT PHYSIQUE CROP ATHLETIC LEGGINGS 4,4,LULULEMON ATHLETICA,35,N/A,https://poshmark.com/LISTING/LULULEMON-FIT-PHYSIQUE-CROP-ATHLETIC-LEGGINGS-4-61280A8443895FD6AFE78ACD
137,"LULULEMON RUN ON CROP (21"")",4,LULULEMON ATHLETICA,50,N/A,https://poshmark.com/LISTING/LULULEMON-RUN-ON-CROP-21-616C4B5612D8804E0A171A43
138,LULULEMON NWT WUNDER UNDER HIGH RISE TIGHT LEGGINGS 25‚Äù RIPENED RASPBERRY,N/A,LULULEMON ATHLETICA,72,NWT,https://poshmark.com/LISTING/LULULEMON-NWT-WUNDER-UNDER-HIGH-RISE-TIGHT-LEGGINGS-25-RIPENED-RASPBERRY-615E34A4463D4F0502CB52AF
139,LULULEMON ‚ÄúIN THE FLOW‚Äù SEAMLESS CAPRI LEGGINGS,4,LULULEMON ATHLETICA,35,N/A,https://poshmark.com/LISTING/LULULEMON-IN-THE-FLOW-SEAMLESS-CAPRI-LEGGINGS-6159A45F180136E839E3A2E2
140,LULULEMON IGNITE CROP POWER PURPLE / BLACK / WHIT,6,LULULEMON ATHLETICA,50,N/A,https://poshmark.com/LISTING/LULULEMON-IGNITE-CROPPOWER-PURPLE-BLACK-WHIT-60A6C5E91801365B896AE469
141,LULULEMON CAN YOU FEEL THE PLEAT PANT *25,8,LULULEMON ATHLETICA,88,N/A,https://poshmark.com/LISTING/LULULEMON-CAN-YOU-FEEL-THE-PLEAT-PANT-25-6161EBBCE131648396E2D95F
142,"NWT LULULEMON INVIGORATE HR TIGHT 25""- BLACK",N/A,LULULEMON ATHLETICA,80,NWT,https://poshmark.com/LISTING/NWT-LULULEMON-INVIGORATE-HR-TIGHT-25-BLACK-6104E1B43A0DB94719EEF80E
143,NWT LULULEMON BASE PACE HR 25. SIZE 6. TRUE NAVY.,6,LULULEMON ATHLETICA,92,BOUTIQUE,https://poshmark.com/LISTING/NWT-LULULEMON-BASE-PACE-HR-25-SIZE-6-TRUE-NAVY-616B07D8F065FE2FD26B31FD
144,"LULULEMON FAST AND FREE HIGH RISE TIGHT 25"" WSH",14,LULULEMON ATHLETICA,98,NWT,https://poshmark.com/LISTING/LULULEMON-FAST-AND-FREE-HIGH-RISE-TIGHT-25-WSH-615D8F55AE766F669CF3CD11
145,LULULEMON WHITE/BLACK WUNDER UNDER STIRRUP PANT 6,6,LULULEMON ATHLETICA,49,N/A,https://poshmark.com/LISTING/LULULEMON-WHITEBLACK-WUNDER-UNDER-STIRRUP-PANT-6-60D67268163DF4BCCB176D0E
146,LULULEMON RUN: INSPIRE CROP II BLACK / SPR,4,LULULEMON ATHLETICA,55,N/A,https://poshmark.com/LISTING/LULULEMON-RUN-INSPIRE-CROP-IIBLACK-SPR-6148CC096E28468C26F68F84
147,LULULEMON METROPOLIS MAVEN HIGH-RISE CROP,N/A,LULULEMON ATHLETICA,66,NWT,https://poshmark.com/LISTING/LULULEMON-METROPOLIS-MAVEN-HIGHRISE-CROP-60F3652609D76008E43D205B
148,"LULULEMON ALIGN HIGH RISE PANT 25"" POCKETS GOLD",14,LULULEMON ATHLETICA,88,NWT,https://poshmark.com/LISTING/LULULEMON-ALIGN-HIGH-RISE-PANT-25-POCKETS-GOLD-613F2FCBFF83041C4827AA0A
149,"LULULEMON ALIGN CROP 23"" *DIAMOND DYE LEGGINGS SIZE 14 WOMENS NEW",N/A,LULULEMON ATHLETICA,80,NWT,https://poshmark.com/LISTING/LULULEMON-ALIGN-CROP-23-DIAMOND-DYE-LEGGINGS-SIZE-14-WOMENS-NEW-6175E90688CCE36B1E176885
150,LULULEMON ATHLETICA ALIGN CROPPED HI RISE LEGGINGS IN DARK ADOBE PURPLE,6,LULULEMON ATHLETICA,65,N/A,https://poshmark.com/LISTING/LULULEMON-ATHLETICA-ALIGN-CROPPED-HI-RISE-LEGGINGS-IN-DARK-ADOBE-PURPLE-61659C18045E39B51B38C404
151,NWT LULULEMON 2021 GROOVE PANT FLARE SUPER HIGH RISE LEGGINGS TRUE NAVY BLUE 4,4,LULULEMON ATHLETICA,198,NWT,https://poshmark.com/LISTING/NWT-LULULEMON-2021-GROOVE-PANT-FLARE-SUPER-HIGH-RISE-LEGGINGS-TRUE-NAVY-BLUE-4-61773020946D3710DE4407D5
152,LULULEMON CAN'T STOP PANT II SKINNY LEG WINTER RUN,6,LULULEMON ATHLETICA,38,N/A,https://poshmark.com/LISTING/LULULEMON-CANT-STOP-PANT-II-SKINNY-LEG-WINTER-RUN-6074835402BCAFAF34FD519A
153,LULULEMON TRAIN TIMES CROP 17‚Äù,4,LULULEMON ATHLETICA,50,N/A,https://poshmark.com/LISTING/LULULEMON-TRAIN-TIMES-CROP-17-60D6457B92078614B462C377
154,LULULEMON WUNDER UNDER PANT NULUX HI-RISE DAZZLE 50G ALPINE WHITE BLACK OMBR√â,6,LULULEMON ATHLETICA,65,N/A,https://poshmark.com/LISTING/LULULEMON-WUNDER-UNDER-PANT-NULUX-HIRISE-DAZZLE-50G-ALPINE-WHITE-BLACK-OMBR-6160DE2EBCDB2F5AB1029F12
155,LULULEMON CROP LEGGINGS REVERSIBLE,6,LULULEMON ATHLETICA,25,N/A,https://poshmark.com/LISTING/LULULEMON-CROP-LEGGINGS-REVERSIBLE-5F98298C12D88022A7FCBB68
156,"LULULEMON ALIGN‚Ñ¢ PANT 25"" LIKE A SOFT BLUE",N/A,LULULEMON ATHLETICA,86,NWT,https://poshmark.com/LISTING/LULULEMON-ALIGN-PANT-25-LIKE-A-SOFT-BLUE-6158336F4009774C483538E9
157,LULULEMON GROOVE PANT,6,LULULEMON ATHLETICA,69,N/A,https://poshmark.com/LISTING/LULULEMON-GROOVE-PANT-6148CC3D9C3378C5A99740F5
158,NWT LULULEMON IN FOCUS RUN TIGHT 25. SIZE 4. BLACK.,4,LULULEMON ATHLETICA,118,BOUTIQUE,https://poshmark.com/LISTING/NWT-LULULEMON-IN-FOCUS-RUN-TIGHT-25-SIZE-4-BLACK-616B04A3F470E2AF5FD613C2
159,LULULEMON CROP PANTS SZ 6 WOMEN GRAY HIGH RISE,6,LULULEMON ATHLETICA,20,N/A,https://poshmark.com/LISTING/LULULEMON-CROP-PANTS-SZ-6-WOMEN-GRAY-HIGH-RISE-61393AF61460BB44ECB03CB8
160,üòçHUGE SAVINGS!,M,LULULEMON ATHLETICA,"10,000",N/A,https://poshmark.com/LISTING/HUGE-SAVINGS-60CD0D06BCBB529ACB65074D
161,LULULEMON OM PANT- POWER PURPLE,6,LULULEMON ATHLETICA,60,N/A,https://poshmark.com/LISTING/LULULEMON-OM-PANT-POWER-PURPLE-61491760CE1E87E026F41109
162,LULULEMON GRAY SPECKLED SEAMLESS LEGGINGS SIZE 6 YOGA WORKOUT,6,LULULEMON ATHLETICA,50,N/A,https://poshmark.com/LISTING/LULULEMON-GRAY-SPECKLED-SEAMLESS-LEGGINGS-SIZE-6-YOGA-WORKOUT-61621CF9163DF42EAA1DB607
163,LULULEMON REVERSIBLE GROOVE PURPLE BAND YOGA PANTS,6,LULULEMON ATHLETICA,55,N/A,https://poshmark.com/LISTING/LULULEMON-REVERSIBLE-GROOVE-PURPLE-BAND-YOGA-PANTS-615C943E6E284648B1CBF297
164,LULULEMON GRAY LEGGINGS,8,LULULEMON ATHLETICA,38,N/A,https://poshmark.com/LISTING/LULULEMON-GRAY-LEGGINGS-616F69144FD23AC22C022F62
165,LULULEMON CAPRIS üçã,4,LULULEMON ATHLETICA,49,N/A,https://poshmark.com/LISTING/LULULEMON-CAPRIS-6021D894AC97022D5F55CB30
166,LULULEMON HIGH RISE WUNDER UNDER TIGHT,4,LULULEMON ATHLETICA,75,N/A,https://poshmark.com/LISTING/LULULEMON-HIGH-RISE-WUNDER-UNDER-TIGHT-614675386E2846440BEA48EB
167,"LULULEMON TRAIN TIMES CROP (17"") PULSE CA‚Ä¶",2,LULULEMON ATHLETICA,75,N/A,https://poshmark.com/LISTING/LULULEMON-TRAIN-TIMES-CROP-17PULSE-CA-612FB9F2BCBB522DF7B92695
168,"LULULEMON ALIGN PANT 28"" DIAMOND DYE GRAPHITE GREY PINK PASTEL SIZE 14 XL",N/A,LULULEMON ATHLETICA,105,NWT,https://poshmark.com/LISTING/LULULEMON-ALIGN-PANT-28-DIAMOND-DYE-GRAPHITE-GREY-PINK-PASTEL-SIZE-14-XL-6175E870C693BDC866DDF1F7
169,LULULEMON FREE FALL JOGGER PANTS MINT GREEN,2,LULULEMON ATHLETICA,49,N/A,https://poshmark.com/LISTING/LULULEMON-FREE-FALL-JOGGER-PANTS-MINT-GREEN-61693D6F8AE37CAE84C73ACE
170,"LULULEMON WUNDER UNDER CROP HIGH-RISE 21"" FLOCKED NEW",6,LULULEMON ATHLETICA,68,N/A,https://poshmark.com/LISTING/LULULEMON-WUNDER-UNDER-CROP-HIGHRISE-21-FLOCKED-NEW-616B3C96800F64E2A9FACE0B
171,LULULEMON PACE RIVAL CROP,6,LULULEMON ATHLETICA,50,N/A,https://poshmark.com/LISTING/LULULEMON-PACE-RIVAL-CROP-6172997860FDED4B68FB012E
172,LULULEMON ALIGN HIGH RISE PANT LEGGINGS 28‚Äù KALEIDOSCOPE MULTI 0 2,N/A,LULULEMON ATHLETICA,70,NWT,https://poshmark.com/LISTING/LULULEMON-ALIGN-HIGH-RISE-PANT-LEGGINGS-28-KALEIDOSCOPE-MULTI-0-2-615E54CB3CDA882362D17C7D
173,LULULEMON WUNDER UNDER HIGH TIMES BLOOMING PIXIE,4,LULULEMON ATHLETICA,100,N/A,https://poshmark.com/LISTING/LULULEMON-WUNDER-UNDER-HIGH-TIMES-BLOOMING-PIXIE-60881C9FAA5427B45F4D6280
174,LULULEMON INSPIRE TIGHT II LUXTREME LEGGINGS IN PEBBLE PRINT SIZE 8 MSRP $102,8,LULULEMON ATHLETICA,50,N/A,https://poshmark.com/LISTING/LULULEMON-INSPIRE-TIGHT-II-LUXTREME-LEGGINGS-IN-PEBBLE-PRINT-SIZE-8-MSRP-102-61562633045E39D1B7174A5D
175,LULULEMON WUNDER UNDER CROP FULL-ON LUXTREME SZ 10,10,LULULEMON ATHLETICA,75,N/A,https://poshmark.com/LISTING/LULULEMON-WUNDER-UNDER-CROP-FULLON-LUXTREME-SZ-10-6098C62F6914122ACABDA65A
176,LULULEMON BLACK CAPRIS WOMENS 4 ATHLETIC POCKETS MESH PANELS LOGO CUFF,4,LULULEMON ATHLETICA,55,N/A,https://poshmark.com/LISTING/LULULEMON-BLACK-CAPRIS-WOMENS-4-ATHLETIC-POCKETS-MESH-PANELS-LOGO-CUFF-616E049384BB0BF5E9579F47
177,LULULEMON REVERSIBLE GROOVE PURPLE/BLACK FLARE YOGA PANT,6,LULULEMON ATHLETICA,55,N/A,https://poshmark.com/LISTING/LULULEMON-REVERSIBLE-GROOVE-PURPLEBLACK-FLARE-YOGA-PANT-615C8F89EFD0E4943BFACB74
178,üçãLIKE NEW LULULEMON ON THE RIGHT TRACK PANT,8,LULULEMON ATHLETICA,90,N/A,https://poshmark.com/LISTING/LIKE-NEW-LULULEMON-ON-THE-RIGHT-TRACK-PANT-616ABCE09207863274103D21
179,LULULEMON CROPPED LEGGINGS FLORAL PRINT SIZE 4 GREY,4,LULULEMON ATHLETICA,29,N/A,https://poshmark.com/LISTING/LULULEMON-CROPPED-LEGGINGS-FLORAL-PRINT-SIZE-4-GREY-6164EAA7C936AFA80EE3B9DB
180,LULULEMON DARK GRAY CROPPED ATHLETIC WORKOUT LEGGINGS STRIPED PINK TRIM SIZE 4,4,LULULEMON ATHLETICA,32,N/A,https://poshmark.com/LISTING/LULULEMON-DARK-GRAY-CROPPED-ATHLETIC-WORKOUT-LEGGINGS-STRIPED-PINK-TRIM-SIZE-4-616472D7FADBA467B9A8F048
181,LULULEMON WUNDER UNDER FULL ON LUXTREME HIGH RISE LEGGINGS,4,LULULEMON ATHLETICA,75,N/A,https://poshmark.com/LISTING/LULULEMON-WUNDER-UNDER-FULL-ON-LUXTREME-HIGH-RISE-LEGGINGS-616B4B893CDA889008B1CA2B
182,LULULEMON ATHLETICA TIGHTSüçãüíú,8,LULULEMON ATHLETICA,66,N/A,https://poshmark.com/LISTING/LULULEMON-ATHLETICA-TIGHTS-607C637881A36CCEB495CFE4
183,RARE LULULEMON FREE FLOW CROP- SAPPHIRE BLUE,2,LULULEMON ATHLETICA,60,N/A,https://poshmark.com/LISTING/RARE-LULULEMON-FREE-FLOW-CROP-SAPPHIRE-BLUE-611B1520BCDB2FEB768CB112
184,LULULEMON OUTRUN TIGHT POWER LUXTREME,6,LULULEMON ATHLETICA,75,N/A,https://poshmark.com/LISTING/LULULEMON-OUTRUN-TIGHT-POWER-LUXTREME-612FB9D4E107BB33D65F67A0
185,LULULEMON 6 LEGGINGS WUNDER UNDER MAGENTA PINK,6,LULULEMON ATHLETICA,40,N/A,https://poshmark.com/LISTING/LULULEMON-6-LEGGINGS-WUNDER-UNDER-MAGENTA-PINK-616DEF1AC32EE640F387DE4E
186,LULULEMON SEEK STILLNESS MID RISE CROP GRAY 10,10,LULULEMON ATHLETICA,78,N/A,https://poshmark.com/LISTING/LULULEMON-SEEK-STILLNESS-MID-RISE-CROP-GRAY-10-617831E7878A46586D311DB8
187,LULULEMON BLUE SCRUNCHED LEGGINGS 6,6,LULULEMON ATHLETICA,35,N/A,https://poshmark.com/LISTING/LULULEMON-BLUE-SCRUNCHED-LEGGINGS-6-6166F8618E7C6499815AA7C8
188,LULULEMON BLUE BLACK WUNDER UNDER CROP PANTS,8,LULULEMON ATHLETICA,16,N/A,https://poshmark.com/LISTING/LULULEMON-BLUE-BLACK-WUNDER-UNDER-CROP-PANTS-6177015F3751F593D985EC40
189,LULULEMON WUNDER UNDER CROP BEAUTIFUL BAROQUE,4,LULULEMON ATHLETICA,50,N/A,https://poshmark.com/LISTING/LULULEMON-WUNDER-UNDER-CROPBEAUTIFUL-BAROQUE-60B00708E97E489FB8940A46
190,LULULEMON SKINNY GROVE PANT ‚Äì PURPLE AND LAVENDER,6,LULULEMON ATHLETICA,51,N/A,https://poshmark.com/LISTING/LULULEMON-SKINNY-GROVE-PANT-PURPLE-AND-LAVENDER-6097649D86DCBB49B45A8522
191,LULULEMON JOURNEY MESH ROCKY ROAD SAND DUNE CROP,4,LULULEMON ATHLETICA,50,N/A,https://poshmark.com/LISTING/LULULEMON-JOURNEY-MESH-ROCKY-ROAD-SAND-DUNE-CROP-60E74290800F640DED672F6F
192,"LULULEMON PACE RIVAL CROP 22""",8,LULULEMON ATHLETICA,65,N/A,https://poshmark.com/LISTING/LULULEMON-PACE-RIVAL-CROP-22-614F713D074D240D03FE4A4F
193,LULULEMON RUN INSPIRE CROP II.,6,LULULEMON ATHLETICA,45,N/A,https://poshmark.com/LISTING/LULULEMON-RUN-INSPIRE-CROP-II-61769C598D9BE9CC67F4C77A
194,LULULEMON WORKOUT LEGGINGS SIZE 4,4,LULULEMON ATHLETICA,50,N/A,https://poshmark.com/LISTING/LULULEMON-WORKOUT-LEGGINGS-SIZE-4-6148FAE7C693BDD5AEE229BE
195,"LULULEMON INVIGORATE 7/8 TIGHT (25"") BLACK CURRANT",4,LULULEMON ATHLETICA,60,N/A,https://poshmark.com/LISTING/LULULEMON-INVIGORATE-78-TIGHT-25-BLACK-CURRANT-60D27563800F6439EE06579B
196,LULULEMON FIT PHYSIQUE TIGHT LUON JACQUARD,6,LULULEMON ATHLETICA,40,N/A,https://poshmark.com/LISTING/LULULEMON-FIT-PHYSIQUE-TIGHT-LUON-JACQUARD-61341D96706AC10743F93789
197,"LULULEMON ALIGN‚Ñ¢ PANT 25"" WHITE",N/A,LULULEMON ATHLETICA,86,NWT,https://poshmark.com/LISTING/LULULEMON-ALIGN-PANT-25-WHITE-615833C929E698AC05B403C2
198,LULULEMON RUN FOR IT CROP LEGGING BLACK GRAY 6,6,LULULEMON ATHLETICA,45,N/A,https://poshmark.com/LISTING/LULULEMON-RUN-FOR-IT-CROP-LEGGING-BLACK-GRAY-6-616F20DCD6F3B7800C9C93A6
199,LULULEMON ROKSANDRA LEGGINGS,2,LULULEMON ATHLETICA,70,N/A,https://poshmark.com/LISTING/LULULEMON-ROKSANDRA-LEGGINGS-6158ABE63CDA88AF26D4EC72
200,LULULEMON NAVY WANDERER CROP PANTS,2,LULULEMON ATHLETICA,69,N/A,https://poshmark.com/LISTING/LULULEMON-NAVY-WANDERER-CROP-PANTS-6149223A09D760E8AD320738
201,LULULEMON ATHLETICA QUILTING GROOVE REVERSIBLE CROPPED PANTS SZ 4,4,LULULEMON ATHLETICA,50,N/A,https://poshmark.com/LISTING/LULULEMON-ATHLETICA-QUILTING-GROOVE-REVERSIBLE-CROPPED-PANTS-SZ-4-6175FF97C693BD9965DEACB8
202,LULULEMON ASTRO CROPPED LEGGINGS DARK GREY 4,4,LULULEMON ATHLETICA,39,N/A,https://poshmark.com/LISTING/LULULEMON-ASTRO-CROPPED-LEGGINGS-DARK-GREY-4-6156064513F1B67890641A56
203,LULULEMON SKINNY GROOVE PANT *FULL-ON LUON,10,LULULEMON ATHLETICA,65,N/A,https://poshmark.com/LISTING/LULULEMON-SKINNY-GROOVE-PANT-FULLON-LUON-6168480742384CB3D21A2915
204,"LULULEMON ALIGN CROP 23"" DIAMOND DYE LEGGINGS SIZE 16 XL PLUS SIZE WOMENS NEW",16,LULULEMON ATHLETICA,80,NWT,https://poshmark.com/LISTING/LULULEMON-ALIGN-CROP-23-DIAMOND-DYE-LEGGINGS-SIZE-16-XL-PLUS-SIZE-WOMENS-NEW-6175E952633CFC5D418287F2
205,LULULEMON POWER LINES CROP LEGGINGS 21‚Äù PURPLE,10,LULULEMON ATHLETICA,45,N/A,https://poshmark.com/LISTING/LULULEMON-POWER-LINES-CROP-LEGGINGS-21-PURPLE-5F80D046BCBB529FC97C13DF
206,NWOT SUN SETTER JOGGER,4,LULULEMON ATHLETICA,85,N/A,https://poshmark.com/LISTING/NWOT-SUN-SETTER-JOGGER-614CC1E4BCBB52531FC7DBFA
207,LULULEMON DANCE STUDIO PANTS GRAY UNLINED WOMENS SIZE 2,2,LULULEMON ATHLETICA,75,N/A,https://poshmark.com/LISTING/LULULEMON-DANCE-STUDIO-PANTS-GRAY-UNLINED-WOMENS-SIZE-2-616442DFF065FEF0AD40E290
208,NWT LULULEMON BEYOND THE STUDIO CROP. SIZE 12. GREY SAGE.,12,LULULEMON ATHLETICA,85,BOUTIQUE,https://poshmark.com/LISTING/NWT-LULULEMON-BEYOND-THE-STUDIO-CROP-SIZE-12-GREY-SAGE-616B040B8BE9135EEE65EFDB
209,LULULEMON RUN: EXCEL CROP SIZE 6,6,LULULEMON ATHLETICA,60,N/A,https://poshmark.com/LISTING/LULULEMON-RUN-EXCEL-CROP-SIZE-6-6166243B5DFEB59B15613AF8
210,LULULEMON LEGGINGS 4 TALL,4,LULULEMON ATHLETICA,45,N/A,https://poshmark.com/LISTING/LULULEMON-LEGGINGS-4-TALL-60B39EF28DA5C923B56AE5E4
211,LULULEMON BLACK GRAY LEGGINGS SIZE 10,10,LULULEMON ATHLETICA,28,N/A,https://poshmark.com/LISTING/LULULEMON-BLACK-GRAY-LEGGINGS-SIZE-10-61264BFCA4DE41076F43EE1F
212,LULULEMON ALIGN HR CAMO PANT 25‚Äù,20,LULULEMON ATHLETICA,99,NWT,https://poshmark.com/LISTING/LULULEMON-ALIGN-HR-CAMO-PANT-25-616F461B2CA9AB4CEBBF11A1
213,LULULEMON ON THE FLY JOGGER BLACK,12,LULULEMON ATHLETICA,95,N/A,https://poshmark.com/LISTING/LULULEMON-ON-THE-FLY-JOGGER-BLACK-615B443E6E2846D141322839
214,NWOT LULULEMON TRAIN TIMES 7/8 PANT,10,LULULEMON ATHLETICA,90,N/A,https://poshmark.com/LISTING/NWOT-LULULEMON-TRAIN-TIMES-78-PANT-614CC38FE107BBD424753424
215,"LULULEMON TRAIN TIMES 7/8 PANT 25"" LEGGINGS",4,LULULEMON ATHLETICA,75,N/A,https://poshmark.com/LISTING/LULULEMON-TRAIN-TIMES-78-PANT-25-LEGGINGS-60FCCF8BE13164F05EF2AF33
216,"LULULEMON NWOT BREEZY CROP IN ARMY LEAF GREEN, SIZE 6",6,LULULEMON ATHLETICA,60,N/A,https://poshmark.com/LISTING/LULULEMON-NWOT-BREEZY-CROP-IN-ARMY-LEAF-GREEN-SIZE-6-616DBEB067BD9137DAD1561C
217,LULULEMON CAPRI WIDE LEG LEGGINGS,6,LULULEMON ATHLETICA,25,N/A,https://poshmark.com/LISTING/LULULEMON-CAPRI-WIDE-LEG-LEGGINGS-615A16D909D760BBC9E8178D
218,LULULEMON BLACK TRACK PANTS,10,LULULEMON ATHLETICA,50,N/A,https://poshmark.com/LISTING/LULULEMON-BLACK-TRACK-PANTS-604F8909FFBA9456F2AD6C08
219,"LULULEMON FINAL PLAY CROP 23"" HEATHER LUX MULTI",12,LULULEMON ATHLETICA,89,N/A,https://poshmark.com/LISTING/LULULEMON-FINAL-PLAY-CROP-23-HEATHER-LUX-MULTI-6126FC547367202AA83306EE
220,LULULEMON WUNDER UNDER SPECIAL EDITION DENIM LUON,8,LULULEMON ATHLETICA,31,N/A,https://poshmark.com/LISTING/LULULEMON-WUNDER-UNDER-SPECIAL-EDITION-DENIM-LUON-60CD640FD737FD73B1D9CC61
221,üòçHUGE SAVINGS!,M,LULULEMON ATHLETICA,"10,000",N/A,https://poshmark.com/LISTING/HUGE-SAVINGS-60CD0BFB3BAD6D9B0FB30F5B
222,LULULEMON NWT SWIFT SPEED HIGH RISE CROP 21‚Äù LEGGINGS 2 12 HERITAGE 365 CAMO GRE,N/A,LULULEMON ATHLETICA,72,NWT,https://poshmark.com/LISTING/LULULEMON-NWT-SWIFT-SPEED-HIGH-RISE-CROP-21-LEGGINGS-2-12-HERITAGE-365-CAMO-GRE-615E7489A4DE4176CAEE5201
223,LULULEMON GROOVE AQUA BLUE BAND YOGA PANT,6,LULULEMON ATHLETICA,49,N/A,https://poshmark.com/LISTING/LULULEMON-GROOVE-AQUA-BLUE-BAND-YOGA-PANT-615C95B62F3D1943B716B155
224,- LULULEMON GATHER & CROW II CORP LEGGINGS SIZE 2,2,LULULEMON ATHLETICA,35,N/A,https://poshmark.com/LISTING/LULULEMON-GATHER-CROW-II-CORP-LEGGINGS-SIZE-2-6143FAF7C936AFED30DA2523
225,LULULEMON BOOTCUT LEGGINGS 6R,6,LULULEMON ATHLETICA,60,N/A,https://poshmark.com/LISTING/LULULEMON-BOOTCUT-LEGGINGS-6R-60B3A0D0C936AF883B453F55
226,"LULULEMON FAST AND FREE HIGH RISE TIGHT 25"" WSH",14,LULULEMON ATHLETICA,98,NWT,https://poshmark.com/LISTING/LULULEMON-FAST-AND-FREE-HIGH-RISE-TIGHT-25-WSH-615D8F55AE766F669CF3CD11
227,LULULEMON SKINNY GROVE PANT ‚Äì BLACK,6,LULULEMON ATHLETICA,47,N/A,https://poshmark.com/LISTING/LULULEMON-SKINNY-GROVE-PANT-BLACK-6097645686DCBB6A5F5A5F80
228,LULULEMON WUNDER UNDER HI-RISE BLACK WHITE MOSAIC,8,LULULEMON ATHLETICA,55,N/A,https://poshmark.com/LISTING/LULULEMON-WUNDER-UNDER-HIRISE-BLACK-WHITE-MOSAIC-6115B9EAAE766F50500830E2
229,LULULEMON AMELIA BLACK LEGGINGS SIZE 4,4,LULULEMON ATHLETICA,24,N/A,https://poshmark.com/LISTING/LULULEMON-AMELIA-BLACK-LEGGINGS-SIZE-4-616C8035AC97028753F7C5A9
230,LULULEMON REVERSIBLE CROP LEGGINGS,4,LULULEMON ATHLETICA,20,N/A,https://poshmark.com/LISTING/LULULEMON-REVERSIBLE-CROP-LEGGINGS-60FB8FB62A1EFF300D1194D0
231,LULULEMON REVERSIBLE GROOVE BLACK GLACIER LACE YOGA PANT,8,LULULEMON ATHLETICA,55,N/A,https://poshmark.com/LISTING/LULULEMON-REVERSIBLE-GROOVE-BLACK-GLACIER-LACE-YOGA-PANT-615C92A1180136B238D56EF2
232,LULULEMON WHITE/BLACK WUNDER UNDER STIRRUP PANT 6,6,LULULEMON ATHLETICA,49,N/A,https://poshmark.com/LISTING/LULULEMON-WHITEBLACK-WUNDER-UNDER-STIRRUP-PANT-6-60D67268163DF4BCCB176D0E
233,LULULEMON LIGHT SPEED TIGHT FULL ON LUXTREME IN DESERT SNAKE DEEP COAL BLACK,8,LULULEMON ATHLETICA,50,N/A,https://poshmark.com/LISTING/LULULEMON-LIGHT-SPEED-TIGHT-FULL-ON-LUXTREME-IN-DESERT-SNAKE-DEEP-COAL-BLACK-6156279C88CCE3319C2BD99B
234,LULULEMON RUN: INSPIRE CROP II BLACK / SPR,4,LULULEMON ATHLETICA,55,N/A,https://poshmark.com/LISTING/LULULEMON-RUN-INSPIRE-CROP-IIBLACK-SPR-6148CC096E28468C26F68F84
235,LULULEMON METROPOLIS MAVEN HIGH-RISE CROP,N/A,LULULEMON ATHLETICA,66,NWT,https://poshmark.com/LISTING/LULULEMON-METROPOLIS-MAVEN-HIGHRISE-CROP-60F3652609D76008E43D205B
236,"LULULEMON ALIGN HIGH RISE PANT 25"" POCKETS GOLD",14,LULULEMON ATHLETICA,88,NWT,https://poshmark.com/LISTING/LULULEMON-ALIGN-HIGH-RISE-PANT-25-POCKETS-GOLD-613F2FCBFF83041C4827AA0A
237,"LULULEMON ALIGN CROP 23"" *DIAMOND DYE LEGGINGS SIZE 14 WOMENS NEW",N/A,LULULEMON ATHLETICA,80,NWT,https://poshmark.com/LISTING/LULULEMON-ALIGN-CROP-23-DIAMOND-DYE-LEGGINGS-SIZE-14-WOMENS-NEW-6175E90688CCE36B1E176885
238,LULULEMON ATHLETICA ALIGN CROPPED HI RISE LEGGINGS IN DARK ADOBE PURPLE,6,LULULEMON ATHLETICA,65,N/A,https://poshmark.com/LISTING/LULULEMON-ATHLETICA-ALIGN-CROPPED-HI-RISE-LEGGINGS-IN-DARK-ADOBE-PURPLE-61659C18045E39B51B38C404
239,NWT LULULEMON 2021 GROOVE PANT FLARE SUPER HIGH RISE LEGGINGS TRUE NAVY BLUE 4,4,LULULEMON ATHLETICA,198,NWT,https://poshmark.com/LISTING/NWT-LULULEMON-2021-GROOVE-PANT-FLARE-SUPER-HIGH-RISE-LEGGINGS-TRUE-NAVY-BLUE-4-61773020946D3710DE4407D5
